subject,body
"A quick note for {name}","Hi {name},

I wanted to reach out and introduce myself. We help teams like yours streamline their workflows and save time every week.

Would you be open to a quick chat?

Best regards"
"Thought this might interest you, {name}","Hi {name},

I came across your work and thought there could be a great fit between what we offer and what you're building.

Let me know if you'd like to learn more.

Best regards"
"Have you considered this, {name}?","Hi {name},

Many teams are leaving efficiency on the table without realizing it. We've helped dozens of similar organizations turn that around.

Happy to walk you through how — just say the word.

Best regards"
"Checking in, {name}","Hi {name},

I wanted to follow up and see if now is a better time to connect. We've had some exciting developments I think you'd find valuable.

Let me know what works for you.

Best regards"
"Something worth your attention, {name}","Hi {name},

I'll keep this brief — we've built something that addresses a challenge I suspect you know well.

Would a 15-minute call be worth your while?

Best regards"
"Quick question for you, {name}","Hi {name},

I have one quick question: what's the biggest bottleneck your team is dealing with right now?

The reason I ask is that it's exactly what we help solve. Would love to compare notes.

Best regards"
"An idea I wanted to share with you, {name}","Hi {name},

I've been thinking about challenges in your space and had an idea I wanted to run by you.

Do you have a few minutes this week to connect?

Best regards"
"You're not alone in this, {name}","Hi {name},

A lot of teams we talk to are wrestling with the same problems. The good news is there's a straightforward path forward.

I'd love to show you what we've found works.

Best regards"
"Let's make things easier for you, {name}","Hi {name},

Our goal is simple — to make your day-to-day operations smoother and more predictable.

If that sounds appealing, I'd enjoy a quick conversation.

Best regards"
"Worth 10 minutes of your time, {name}?","Hi {name},

I won't take more than 10 minutes. I'd like to show you one specific thing that's made a real difference for teams like yours.

Are you available this week?

Best regards"
"A fresh perspective for {name}","Hi {name},

Sometimes an outside perspective is all it takes to unlock a breakthrough. That's what we bring to the table.

Would you be open to a short conversation?

Best regards"
"Results other teams are seeing, {name}","Hi {name},

I wanted to share some results other teams in your space are achieving. I think they'll resonate with you.

Would you like me to send over the details?

Best regards"
"Making the most of your time, {name}","Hi {name},

Your time is valuable, so I'll be direct: we can help you get more done with less friction.

Let me know if you'd like to explore that further.

Best regards"
"One thing that could change your week, {name}","Hi {name},

There's one change many teams overlook that consistently improves their output. I'd love to walk you through it.

Does next week work for a quick call?

Best regards"
"I've been thinking about your situation, {name}","Hi {name},

Based on what I know about teams in your position, I think we could offer something genuinely useful.

Would you be willing to spend a few minutes exploring that?

Best regards"
"A better way forward, {name}","Hi {name},

There's a better way to handle what your team is likely dealing with — and I'd like to show you.

When would be a good time to connect?

Best regards"
"Let's cut to the chase, {name}","Hi {name},

I'll be straightforward: we solve a specific problem that most teams in your position face, and we do it well.

Interested in hearing more?

Best regards"
"Helping teams like yours, {name}","Hi {name},

We've worked with teams that looked a lot like yours, and the impact has been significant.

I'd love to share what we've learned. Are you open to a conversation?

Best regards"
"Something I think you'll find useful, {name}","Hi {name},

I came across a resource that I think would be relevant to what you're working on. I'd like to share it with you.

Would that be helpful?

Best regards"
"A common challenge — and a solution, {name}","Hi {name},

One of the most common challenges I hear about is one that doesn't have to stick around. We've built a direct solution.

I'd be happy to walk you through it.

Best regards"
"Improving what's already working, {name}","Hi {name},

Sometimes the biggest gains come from refining what's already good. That's our specialty.

Would you be interested in a quick overview?

Best regards"
"Your goals matter to us, {name}","Hi {name},

We take time to understand what each team is trying to accomplish before suggesting anything. Your goals come first.

I'd love to learn more about yours.

Best regards"
"A simple shift with big results, {name}","Hi {name},

A small operational shift is often all it takes to see a big improvement. I'd like to show you what I mean.

Are you free for a brief call this week?

Best regards"
"Connecting the dots for {name}","Hi {name},

I think there's a connection between what you're working on and what we've built that's worth exploring.

Would you be open to a conversation?

Best regards"
"Streamlining your operations, {name}","Hi {name},

We help teams move faster without sacrificing quality or clarity. It's a balance that's hard to strike alone.

I'd enjoy showing you how we do it.

Best regards"
"A proven approach for {name}","Hi {name},

What we offer isn't experimental — it's a tested approach that's delivered consistent results across many teams.

Would you like to learn more about how it works?

Best regards"
"Saving you time every week, {name}","Hi {name},

What would you do with a few extra hours each week? That's often what our clients gain after working with us.

Let's talk about whether that's possible for your team too.

Best regards"
"The gap most teams don't see, {name}","Hi {name},

There's usually a gap between where a team is and where it could be — and it's often invisible from the inside.

We help you find and close it. Interested?

Best regards"
"What your competitors are doing, {name}","Hi {name},

Teams in your space are making moves that are paying off. I'd like to share what we're seeing.

Would a quick briefing be useful?

Best regards"
"A tailored approach for {name}","Hi {name},

We don't believe in one-size-fits-all solutions. Everything we do is tailored to the specific team in front of us.

I'd love to learn about your situation and see if we're a good fit.

Best regards"
"Making your team more effective, {name}","Hi {name},

Team effectiveness is something we take seriously. We've developed methods that consistently move the needle.

Would you like to hear what's worked for others?

Best regards"
"Let me show you what's possible, {name}","Hi {name},

I'd rather show you than tell you. Can we find 20 minutes to walk through what we've built?

I think you'll find it worth your time.

Best regards"
"A straightforward offer for {name}","Hi {name},

I'd like to offer you a no-pressure look at what we do. No commitment, no pitch — just a conversation.

Interested?

Best regards"
"Reducing friction for your team, {name}","Hi {name},

Friction is the silent killer of productivity. We specialize in identifying and eliminating it for teams like yours.

Let me know if that's something worth discussing.

Best regards"
"Growth without the growing pains, {name}","Hi {name},

Scaling is exciting — but it comes with complications. We help teams grow without the usual headaches.

Would you like to hear how?

Best regards"
"Your team deserves better tools, {name}","Hi {name},

The right tools make everything easier. We've built something that your team would actually enjoy using.

Would you be open to a quick demo?

Best regards"
"Clarity is everything, {name}","Hi {name},

When teams have clarity — on priorities, on progress, on blockers — everything moves faster.

We help create that clarity. Can we talk?

Best regards"
"Making good teams great, {name}","Hi {name},

Good teams become great ones with the right support and structure. That's where we come in.

I'd love to share what that looks like in practice.

Best regards"
"Your success is our priority, {name}","Hi {name},

We measure our success by our clients' outcomes. That keeps us honest and focused on what actually matters.

I'd enjoy learning about your goals.

Best regards"
"A new angle on an old problem, {name}","Hi {name},

Some challenges have been around so long that people stop looking for better solutions. We found one.

Would you like to hear about it?

Best regards"
"Insight from the field, {name}","Hi {name},

We spend a lot of time in the trenches with teams across many industries. The patterns we see are valuable.

I'd love to share some of those insights with you.

Best regards"
"Less complexity, more output, {name}","Hi {name},

The teams that perform best aren't the ones doing the most — they're the ones doing the right things simply.

We help teams get there. Interested in learning how?

Best regards"
"Your questions answered, {name}","Hi {name},

I'd rather answer your questions than pitch you. What would you want to know about making your team more effective?

Let's start there.

Best regards"
"A resource built for teams like yours, {name}","Hi {name},

We developed our approach specifically for teams dealing with the kind of complexity you're likely navigating.

Would it be worth a conversation?

Best regards"
"Staying ahead of the curve, {name}","Hi {name},

The teams staying ahead right now are the ones investing in smarter ways of working. We help make that practical.

Would you like to explore what that looks like?

Best regards"
"Momentum starts here, {name}","Hi {name},

Sometimes all a team needs is the right catalyst to get momentum going. We've been that catalyst for a lot of teams.

Could we be that for yours?

Best regards"
"What's holding your team back, {name}?","Hi {name},

I'd genuinely like to understand what's getting in your team's way right now. Not to pitch — just to understand.

Would you be willing to share?

Best regards"
"A clear path forward for {name}","Hi {name},

Uncertainty slows everything down. We help teams build a clear, actionable path forward.

Would that kind of clarity be valuable to you right now?

Best regards"
"The difference one conversation can make, {name}","Hi {name},

Sometimes a single conversation opens up a new way of seeing a challenge. I'd like to try to be that conversation for you.

Are you open to it?

Best regards"
"Sustainable results for {name}","Hi {name},

Quick fixes don't last. We focus on building sustainable improvements that compound over time.

I'd love to share our approach if you're interested.

Best regards"
"Built around your workflow, {name}","Hi {name},

We adapt to how your team works — not the other way around. That's a principle we hold firmly.

Would you like to see what that looks like in practice?

Best regards"
"The simplest solution is often the best, {name}","Hi {name},

Complexity is the enemy of execution. We help teams simplify without losing what makes them effective.

Interested in a conversation about what that could look like for you?

Best regards"
"What great teams do differently, {name}","Hi {name},

After working with high-performing teams across many sectors, patterns emerge. I'd like to share what we've learned.

Would a short conversation be valuable?

Best regards"
"Taking the guesswork out, {name}","Hi {name},

We help teams move from guessing to knowing — on performance, on priorities, on what's actually working.

Would you like to hear more?

Best regards"
"Built for reliability, {name}","Hi {name},

Consistency is hard to build and easy to lose. We help teams create systems that hold up under pressure.

I'd love to show you how.

Best regards"
"Your team, at its best, {name}","Hi {name},

Every team has a ceiling — and a version of itself that operates well above it. We help teams close that gap.

Can we talk about what that might look like for yours?

Best regards"
"Small changes, big impact, {name}","Hi {name},

The most impactful improvements are often the least obvious ones. We're good at finding them.

Would you be open to a discovery call?

Best regards"
"Thinking long-term with {name}","Hi {name},

Short-term thinking causes long-term problems. We help teams build with the future in mind from the start.

Would that kind of thinking be useful to you right now?

Best regards"
"Here when you're ready, {name}","Hi {name},

I know timing matters. I just wanted to put us on your radar for when the moment is right.

Feel free to reach out whenever that is.

Best regards"
"Partnering for progress, {name}","Hi {name},

The best outcomes come from true partnership — where we're invested in your success as much as you are.

I'd love to explore what that could look like together.

Best regards"
"One last thought for {name}","Hi {name},

I wanted to leave you with one thought: the teams that invest in improving how they work consistently outperform those that don't.

We'd love to be part of that investment for you.

Best regards"
